,Roll,Name,Email
0,2001CB01,Aron Dowbakin,adowbakin0@noaa.gov
1,2001CB02,Ramsey Sacks,rsacks1@epa.gov
2,2001CB03,Denys Fisby,dfisby2@yellowpages.com
3,2001CB04,Carissa Hibbart,chibbart3@blogtalkradio.com
4,2001CB05,Armstrong Covil,acovil4@google.cn
5,2001CB06,Conrado Housley,chousley5@dailymotion.com
6,2001CB07,Rollo Gumbley,rgumbley6@nbcnews.com
7,2001CB08,Kaylee Gobel,kgobel7@skype.com
8,2001CB09,Cynde McGuiney,cmcguiney8@berkeley.edu
9,2001CB10,Tedman Gammack,tgammack9@istockphoto.com
10,2001CB11,Casi Duffy,cduffya@newsvine.com
11,2001CB12,Kirstyn Antognelli,kantognellib@123-reg.co.uk
12,2001CB13,Aleksandr Edelmann,aedelmannc@arizona.edu
13,2001CB14,Giovanna Dougliss,gdouglissd@woothemes.com
14,2001CB15,Diann Ker,dkere@ycombinator.com
15,2001CB16,Ellsworth Burfoot,eburfootf@umich.edu
16,2001CB17,Catlee ffrench Beytagh,cffrenchg@joomla.org
17,2001CB18,Dmitri Larrie,dlarrieh@google.co.jp
18,2001CB19,Elie Bourne,ebournei@google.co.uk
19,2001CB20,Russ Heynel,rheynelj@ox.ac.uk
20,2001CB21,Dallas Burtt,dburttk@ihg.com
21,2001CB22,Derry Spoerl,dspoerll@cisco.com
22,2001CB23,Vivian Gonsalvez,vgonsalvezm@home.pl
23,2001CB24,Loy Antonetti,lantonettin@hubpages.com
24,2001CB25,Melisent Perone,mperoneo@adobe.com
25,2001CB26,Cordelia Abbyss,cabbyssp@cdc.gov
26,2001CB27,Bibbie Hargreave,bhargreaveq@senate.gov
27,2001CB28,Phyllys Terrey,pterreyr@dagondesign.com
28,2001CB29,Arlen Delacoste,adelacostes@over-blog.com
29,2001CB30,Bobbye Oxbrough,boxbrought@theglobeandmail.com
30,2001CB31,York Martynikhin,ymartynikhinu@rediff.com
31,2001CB32,Sharity Bille,sbillev@ibm.com
32,2001CB33,Eustacia Izen,eizenw@howstuffworks.com
33,2001CB34,Debera Cherry,dcherryx@loc.gov
34,2001CB35,Joan Coulter,jcoultery@xinhuanet.com
35,2001CB36,Brittney Petri,bpetriz@ifeng.com
36,2001CB37,Edward Mathers,emathers10@google.nl
37,2001CB38,Tabbie Raoux,traoux11@nhs.uk
38,2001CB39,Earle Von Brook,evon12@timesonline.co.uk
39,2001CB40,Axe Thorneywork,athorneywork13@canalblog.com
40,2001CB41,Dynah Moakler,dmoakler14@newyorker.com
41,2001CB42,Adda Glyde,aglyde15@statcounter.com
42,2001CB43,Flint Knappitt,fknappitt16@cam.ac.uk
43,2001CB44,Naoma Yackiminie,nyackiminie17@scientificamerican.com
44,2001CB45,Phylys Ferraresi,pferraresi18@privacy.gov.au
45,2001CB46,Norah Trodler,ntrodler19@un.org
46,2001CB47,Norby O' Brian,no1a@yolasite.com
47,2001CB48,Nicol Dimberline,ndimberline1b@godaddy.com
48,2001CB49,Bail Croster,bcroster1c@hhs.gov
49,2001CB50,Linc Crinson,lcrinson1d@redcross.org
50,2001CB51,Justin Pesik,jpesik1e@nytimes.com
51,2001CB52,Arlen Kiddell,akiddell1f@jimdo.com
52,2001CB53,Erek Rutledge,erutledge1g@rediff.com
53,2001CB54,Eugene De Hooge,ede1h@blogtalkradio.com
54,2001CB55,Vitoria Bagshaw,vbagshaw1i@usda.gov
55,2001CB56,Kristan Mathiassen,kmathiassen1j@furl.net
56,2001CB57,Doralynn Ewbanks,dewbanks1k@omniture.com
57,2001CB58,Jordan Capnor,jcapnor1l@wix.com
58,2001CB59,Alphard Lesper,alesper1m@freewebs.com
59,2001CB60,Tera Bohan,tbohan1n@spotify.com
60,2001CB61,Moreen Ucceli,mucceli1o@e-recht24.de
61,2001CB62,Tomasine Nancekivell,tnancekivell1p@goo.gl
62,2001CB63,Evan Kantor,ekantor1q@bigcartel.com
63,2001CB64,Leora Kingzett,lkingzett1r@irs.gov
